MS001,Tarikh al-Sudan,Timbuktu,1655,fragile
MS002,Kitab al-Tara'if,Djenne,1590,good
MS003,Risala fi'l-Nujum,Timbuktu,1548,fragile
MS004,Nasihat Ahl al-Sudan,Timbuktu,1613,good
MS005,Diwan al-Shu'ara,Gao,1702,fair
MS018,Kitab al-Turjuman,Walata,1466,fragile
MS019,Sharh al-Tilimsani,Timbuktu,1571,good
MS020,Al-Maqasid al-Hasana,Chinguetti,1489,fair
MS021,Tanbih al-Wasnan,Djenne,1634,good
MS022,Kifayat al-Muhtaj,Timbuktu,1627,fragile
MS023,Nuzhat al-Hadi,Gao,1745,fair
MS024,Al-Shifa fi Ta'rif,Timbuktu,1502,good
MS025,Lubab al-Albab,Walata,1388,fragile
MS026,Bughyat al-Wu'at,Timbuktu,1681,good
MS027,Rawdat al-Afkar,Djenne,1559,fair
MS028,Mukhtasar Khalil,Timbuktu,1443,fragile
MS029,Taqyid al-Ahkam,Chinguetti,1612,good
MS030,Fath al-Wadud,Gao,1698,fair
MS031,Durrat al-Ghawwas,Timbuktu,1520,good
MS032,Manahil al-Safa,Djenne,1663,fragile
